<?xml version="1.0" encoding="UTF-8"?>
<log>
  <entry time="2025-12-06 16:11:23">Odabir opcije 1</entry>
  <entry time="2025-12-06 16:15:21">Odabir opcije 1</entry>
  <entry time="2025-12-06 16:15:52">Odabir opcije 1</entry>
  <entry time="2025-12-06 16:19:47">Odabir opcije 2</entry>
  <entry time="2025-12-07 11:03:03">Odabir opcije 3</entry>
  <entry time="2025-12-07 11:04:47">Odabir opcije 2</entry>
  <entry time="2025-12-07 18:01:34">Odabir opcije 2</entry>
  <entry time="2025-12-07 18:09:39">Odabir opcije 1</entry>
  <entry time="2025-12-07 18:12:53">Odabir opcije 2</entry>
  <entry time="2025-12-07 18:15:52">Odabir opcije 3</entry>
  <entry time="2025-12-07 18:16:00">Odabir opcije 0 - izlaz</entry>
  <entry time="2025-12-07 18:32:05">Odabir opcije 4</entry>
  <entry time="2025-12-07 18:32:12">Odabir opcije 2</entry>
  <entry time="2025-12-07 18:34:15">Odabir opcije 3</entry>
  <entry time="2025-12-07 18:34:18">Odabir opcije 0 - izlaz</entry>
  <entry time="2025-12-07 18:51:00">Odabir opcije 3</entry>
  <entry time="2025-12-07 18:51:03">Odabir opcije 2</entry>
  <entry time="2025-12-07 18:53:00">Odabir opcije 4</entry>
  <entry time="2025-12-07 18:56:27">Odabir opcije 1</entry>
  <entry time="2025-12-07 18:58:29">Odabir opcije 1</entry>
  <entry time="2025-12-07 19:01:44">Odabir opcije 2</entry>
  <entry time="2025-12-07 19:04:02">Odabir opcije 3</entry>
  <entry time="2025-12-07 19:04:05">Odabir opcije 0 - izlaz</entry>
  <entry time="2025-12-07 19:17:51">Odabir opcije 4</entry>
  <entry time="2025-12-07 19:17:54">Odabir opcije 2</entry>
  <entry time="2025-12-07 19:20:29">Odabir opcije 4</entry>
  <entry time="2025-12-07 19:20:31">Odabir opcije 2</entry>
  <entry time="2025-12-07 19:21:18">Odabir opcije 0 - izlaz</entry>
